https://xiers-organization.gitbook.io/music-tag-web-v2/chang-jian-wen-ti.md	music-tag-web-v2-chang-jian-wen-ti-md.md	2072
https://xiers-organization.gitbook.io/music-tag-web-v2/gong-neng-miao-shu.md	music-tag-web-v2-gong-neng-miao-shu-md.md	342
https://xiers-organization.gitbook.io/music-tag-web-v2/gong-neng-miao-shu/bian-liang-de-shi-yong-shuo-ming.md	music-tag-web-v2-gong-neng-miao-shu-bian-liang-de-shi-yong-shuo-ming-md.md	5299
https://xiers-organization.gitbook.io/music-tag-web-v2/gong-neng-miao-shu/hou-tai-gua-xiao.md	music-tag-web-v2-gong-neng-miao-shu-hou-tai-gua-xiao-md.md	940
https://xiers-organization.gitbook.io/music-tag-web-v2/gong-neng-miao-shu/ji-ben-she-zhi.md	music-tag-web-v2-gong-neng-miao-shu-ji-ben-she-zhi-md.md	827
https://xiers-organization.gitbook.io/music-tag-web-v2/gong-neng-miao-shu/mcp.md	music-tag-web-v2-gong-neng-miao-shu-mcp-md.md	3064
https://xiers-organization.gitbook.io/music-tag-web-v2/gong-neng-miao-shu/shou-dong-gua-xiao.md	music-tag-web-v2-gong-neng-miao-shu-shou-dong-gua-xiao-md.md	352
https://xiers-organization.gitbook.io/music-tag-web-v2/gong-neng-miao-shu/wang-pan-yin-yue.md	music-tag-web-v2-gong-neng-miao-shu-wang-pan-yin-yue-md.md	2377
https://xiers-organization.gitbook.io/music-tag-web-v2/gong-neng-miao-shu/xiao-ai-yin-xiang.md	music-tag-web-v2-gong-neng-miao-shu-xiao-ai-yin-xiang-md.md	1129
https://xiers-organization.gitbook.io/music-tag-web-v2/gong-neng-miao-shu/yin-yue-qu-zhong.md	music-tag-web-v2-gong-neng-miao-shu-yin-yue-qu-zhong-md.md	1194
https://xiers-organization.gitbook.io/music-tag-web-v2/gong-neng-miao-shu/yin-yue-shou-cang-yu-bo-fang.md	music-tag-web-v2-gong-neng-miao-shu-yin-yue-shou-cang-yu-bo-fang-md.md	3000
https://xiers-organization.gitbook.io/music-tag-web-v2/gong-neng-miao-shu/zhi-neng-ge-dan.md	music-tag-web-v2-gong-neng-miao-shu-zhi-neng-ge-dan-md.md	689
https://xiers-organization.gitbook.io/music-tag-web-v2/gong-neng-miao-shu/zi-dong-gua-xiao.md	music-tag-web-v2-gong-neng-miao-shu-zi-dong-gua-xiao-md.md	350
https://xiers-organization.gitbook.io/music-tag-web-v2/jiao-cheng-wen-zhang.md	music-tag-web-v2-jiao-cheng-wen-zhang-md.md	361
https://xiers-organization.gitbook.io/music-tag-web-v2/jiao-cheng-wen-zhang/duo-mu-lu-du-li-gua-zai-de-fang-shi.md	music-tag-web-v2-jiao-cheng-wen-zhang-duo-mu-lu-du-li-gua-zai-de-fang-shi-md.md	1497
https://xiers-organization.gitbook.io/music-tag-web-v2/jiao-cheng-wen-zhang/ffmpeg-an-zhuang-jiao-cheng.md	music-tag-web-v2-jiao-cheng-wen-zhang-ffmpeg-an-zhuang-jiao-cheng-md.md	2879
https://xiers-organization.gitbook.io/music-tag-web-v2/jiao-cheng-wen-zhang/gua-xiao-yi-shu-jia-bing-bei-navidrome-shi-bie.md	music-tag-web-v2-jiao-cheng-wen-zhang-gua-xiao-yi-shu-jia-bing-bei-navidrome-shi-bie-md.md	2217
https://xiers-organization.gitbook.io/music-tag-web-v2/jiao-cheng-wen-zhang/hou-tai-gua-xiao-zen-me-wan.md	music-tag-web-v2-jiao-cheng-wen-zhang-hou-tai-gua-xiao-zen-me-wan-md.md	1195
https://xiers-organization.gitbook.io/music-tag-web-v2/jiao-cheng-wen-zhang/ji-huo-ma-ji-huo-shi-bai-wu-xiang-ying.md	music-tag-web-v2-jiao-cheng-wen-zhang-ji-huo-ma-ji-huo-shi-bai-wu-xiang-ying-md.md	679
https://xiers-organization.gitbook.io/music-tag-web-v2/jiao-cheng-wen-zhang/pi-liang-shan-chu-yuan-shu-ju-zhong-shui-yin.md	music-tag-web-v2-jiao-cheng-wen-zhang-pi-liang-shan-chu-yuan-shu-ju-zhong-shui-yin-md.md	425
https://xiers-organization.gitbook.io/music-tag-web-v2/jiao-cheng-wen-zhang/pi-liang-zhong-ming-ming-wen-jian-ming-cheng.md	music-tag-web-v2-jiao-cheng-wen-zhang-pi-liang-zhong-ming-ming-wen-jian-ming-cheng-md.md	2188
https://xiers-organization.gitbook.io/music-tag-web-v2/jiao-cheng-wen-zhang/shou-dong-gua-xiao-neng-shi-xian-na-xie-gong-neng.md	music-tag-web-v2-jiao-cheng-wen-zhang-shou-dong-gua-xiao-neng-shi-xian-na-xie-gong-neng-md.md	558
https://xiers-organization.gitbook.io/music-tag-web-v2/jiao-cheng-wen-zhang/wang-ji-deng-lu-mi-ma-zen-me-ban.md	music-tag-web-v2-jiao-cheng-wen-zhang-wang-ji-deng-lu-mi-ma-zen-me-ban-md.md	694
https://xiers-organization.gitbook.io/music-tag-web-v2/jiao-cheng-wen-zhang/zen-me-geng-xin-sheng-ji-ban-ben-ne.md	music-tag-web-v2-jiao-cheng-wen-zhang-zen-me-geng-xin-sheng-ji-ban-ben-ne-md.md	1419
https://xiers-organization.gitbook.io/music-tag-web-v2/jiao-cheng-wen-zhang/zhi-neng-ge-dan-de-jin-jie-wan-fa.md	music-tag-web-v2-jiao-cheng-wen-zhang-zhi-neng-ge-dan-de-jin-jie-wan-fa-md.md	1678
https://xiers-organization.gitbook.io/music-tag-web-v2/jin-jie-pei-zhi.md	music-tag-web-v2-jin-jie-pei-zhi-md.md	377
https://xiers-organization.gitbook.io/music-tag-web-v2/jin-jie-pei-zhi/mysql-bu-shu.md	music-tag-web-v2-jin-jie-pei-zhi-mysql-bu-shu-md.md	4411
https://xiers-organization.gitbook.io/music-tag-web-v2/jin-jie-pei-zhi/rong-qi-zi-dong-geng-xin.md	music-tag-web-v2-jin-jie-pei-zhi-rong-qi-zi-dong-geng-xin-md.md	5967
https://xiers-organization.gitbook.io/music-tag-web-v2/jin-jie-pei-zhi/wai-zhi-redis-fu-wu.md	music-tag-web-v2-jin-jie-pei-zhi-wai-zhi-redis-fu-wu-md.md	1833
https://xiers-organization.gitbook.io/music-tag-web-v2/jin-jie-pei-zhi/zi-ding-yi-fu-wu-duan-kou.md	music-tag-web-v2-jin-jie-pei-zhi-zi-ding-yi-fu-wu-duan-kou-md.md	2127
https://xiers-organization.gitbook.io/music-tag-web-v2/kuai-su-kai-shi.md	music-tag-web-v2-kuai-su-kai-shi-md.md	1136
https://xiers-organization.gitbook.io/music-tag-web-v2/kuai-su-kai-shi/1panel-bu-shu.md	music-tag-web-v2-kuai-su-kai-shi-1panel-bu-shu-md.md	2911
https://xiers-organization.gitbook.io/music-tag-web-v2/kuai-su-kai-shi/docker-bu-shu.md	music-tag-web-v2-kuai-su-kai-shi-docker-bu-shu-md.md	1435
https://xiers-organization.gitbook.io/music-tag-web-v2/kuai-su-kai-shi/docker-compose-bu-shu.md	music-tag-web-v2-kuai-su-kai-shi-docker-compose-bu-shu-md.md	896
https://xiers-organization.gitbook.io/music-tag-web-v2/kuai-su-kai-shi/fei-niu-yun-fnos-bu-shu.md	music-tag-web-v2-kuai-su-kai-shi-fei-niu-yun-fnos-bu-shu-md.md	3791
https://xiers-organization.gitbook.io/music-tag-web-v2/kuai-su-kai-shi/ji-kong-jian-bu-shu.md	music-tag-web-v2-kuai-su-kai-shi-ji-kong-jian-bu-shu-md.md	2044
https://xiers-organization.gitbook.io/music-tag-web-v2/kuai-su-kai-shi/l-lian-bu-shu.md	music-tag-web-v2-kuai-su-kai-shi-l-lian-bu-shu-md.md	905
https://xiers-organization.gitbook.io/music-tag-web-v2/kuai-su-kai-shi/qun-hui-bu-shu.md	music-tag-web-v2-kuai-su-kai-shi-qun-hui-bu-shu-md.md	1160
https://xiers-organization.gitbook.io/music-tag-web-v2/llms.txt	music-tag-web-v2-llms-txt.md	6267
https://xiers-organization.gitbook.io/music-tag-web-v2/ming-ci-jie-shi.md	music-tag-web-v2-ming-ci-jie-shi-md.md	2040
https://xiers-organization.gitbook.io/music-tag-web-v2/subsonic-ke-hu-duan.md	music-tag-web-v2-subsonic-ke-hu-duan-md.md	1468
https://xiers-organization.gitbook.io/music-tag-web-v2/subsonic-ke-hu-duan/jian-tou-yin-yue.md	music-tag-web-v2-subsonic-ke-hu-duan-jian-tou-yin-yue-md.md	1216
https://xiers-organization.gitbook.io/music-tag-web-v2/subsonic-ke-hu-duan/mian-hua-yin-yue.md	music-tag-web-v2-subsonic-ke-hu-duan-mian-hua-yin-yue-md.md	1055
https://xiers-organization.gitbook.io/music-tag-web-v2/subsonic-ke-hu-duan/sonixd.md	music-tag-web-v2-subsonic-ke-hu-duan-sonixd-md.md	1802
https://xiers-organization.gitbook.io/music-tag-web-v2/subsonic-ke-hu-duan/web-app.md	music-tag-web-v2-subsonic-ke-hu-duan-web-app-md.md	4591
https://xiers-organization.gitbook.io/music-tag-web-v2/subsonic-ke-hu-duan/yin-liu.md	music-tag-web-v2-subsonic-ke-hu-duan-yin-liu-md.md	1780
https://xiers-organization.gitbook.io/music-tag-web-v2/xiang-mu-jie-shao.md	music-tag-web-v2-xiang-mu-jie-shao-md.md	1913
https://xiers-organization.gitbook.io/music-tag-web/chai-fen-wen-jian-ming-cheng.md	music-tag-web-chai-fen-wen-jian-ming-cheng-md.md	837
https://xiers-organization.gitbook.io/music-tag-web/jian-fan-ti-zhuan-huan.md	music-tag-web-jian-fan-ti-zhuan-huan-md.md	616
https://xiers-organization.gitbook.io/music-tag-web/kuai-su-kai-shi.md	music-tag-web-kuai-su-kai-shi-md.md	1116
https://xiers-organization.gitbook.io/music-tag-web/llms.txt	music-tag-web-llms-txt.md	1259
https://xiers-organization.gitbook.io/music-tag-web/pi-liang-xiu-gai.md	music-tag-web-pi-liang-xiu-gai-md.md	1195
https://xiers-organization.gitbook.io/music-tag-web/qie-ge-yin-gui.md	music-tag-web-qie-ge-yin-gui-md.md	1164
https://xiers-organization.gitbook.io/music-tag-web/shou-dong-xiu-gai-biao-qian.md	music-tag-web-shou-dong-xiu-gai-biao-qian-md.md	1848
https://xiers-organization.gitbook.io/music-tag-web/v2-ban-ben.md	music-tag-web-v2-ban-ben-md.md	697
https://xiers-organization.gitbook.io/music-tag-web/xiang-mu-jie-shao.md	music-tag-web-xiang-mu-jie-shao-md.md	824
https://xiers-organization.gitbook.io/music-tag-web/zheng-li-wen-jian-jia.md	music-tag-web-zheng-li-wen-jian-jia-md.md	797
https://xiers-organization.gitbook.io/music-tag-web/zi-dong-pi-liang-xiu-gai.md	music-tag-web-zi-dong-pi-liang-xiu-gai-md.md	676